author_id,text,created_at,id,edit_history_tweet_ids,processed_text,predictions
1706353058748436480,"RT @marcj2345: Jane Doe from Zenless Zone Zero üñ§üñ§
‚Ä¢ Art by BlobCG üé®

Unleash your fantasies with @CraveuAI #CraveUAI , delivering unfiltere‚Ä¶",2025-01-08T13:19:06.000Z,1876981959026434435,['1876981959026434435'],rt jane doe zenless zone zero art blobcg unleash fantasies craveuai craveuai delivering,4
1586116348513583104,"@sicksadgorl I consider this as proof that #AI can't be trusted to keep us safe online.  If someone's son or daughter saw this, it could start a chain reaction toward #PornAddiction.  I've seen too many peers become locked into the ""need"" to jork it to every person they see.  #facebooknews",2025-01-08T13:19:06.000Z,1876981957952774355,['1876981957952774355'],sicksadgorl consider proof ai ca trusted keep us safe online someone son daughter saw could start chain reaction toward pornaddiction seen many peers become locked need jork every person see facebooknews,4
1085923554749833217,@MattShiller_ $SGT at @suzu_suzuverse is setting new standards for #NFT platforms driven by #AI. üöÄ,2025-01-08T13:19:06.000Z,1876981957923311986,['1876981957923311986'],sgt setting new standards nft platforms driven ai,0
1772625154763292672,"Acabei de come√ßar a ganhar Bytes no @despeednet - a primeira rede descentralizada do mundo para verifica√ß√£o de velocidade da Internet!

Configure seu validador #DeSpeed ‚Äã‚Äãhoje e comece a ganhar Bytes.

Comece sua jornada aqui: 
https://t.co/auZBBBM9ch
#Depin #Extension #Web3 #AI",2025-01-08T13:19:06.000Z,1876981957902438909,['1876981957902438909'],acabei de come√ßar ganhar bytes despeednet primeira rede descentralizada mundo para verifica√ß√£o de velocidade da internet configure seu validador despeed e comece ganhar bytes comece sua jornada aqui https depin extension ai,4
1799644279142244352,"RT @AtuaAI: Grok API empowers Atua AI‚Äôs on-chain platform with real-time intelligence, driving advanced #AI solutions and boosting #Web3 en‚Ä¶",2025-01-08T13:19:03.000Z,1876981947613806905,['1876981947613806905'],rt atuaai grok api empowers atua ai platform intelligence driving advanced ai solutions boosting,0
1738975648700338176,"RT @AtuaAI: Grok API empowers Atua AI‚Äôs on-chain platform with real-time intelligence, driving advanced #AI solutions and boosting #Web3 en‚Ä¶",2025-01-08T13:19:03.000Z,1876981947215266194,['1876981947215266194'],rt atuaai grok api empowers atua ai platform intelligence driving advanced ai solutions boosting,0
1428298902,"Acabei de come√ßar a ganhar Bytes no @despeednet - a primeira rede descentralizada do mundo para verifica√ß√£o de velocidade da Internet!

Configure seu validador #DeSpeed ‚Äã‚Äãhoje e comece a ganhar Bytes.

Comece sua jornada aqui:
https://t.co/iv6R6ZBido

#Depin #Extension #Web3 #AI",2025-01-08T13:19:03.000Z,1876981946204479810,['1876981946204479810'],acabei de come√ßar ganhar bytes despeednet primeira rede descentralizada mundo para verifica√ß√£o de velocidade da internet configure seu validador despeed e comece ganhar bytes comece sua jornada aqui https depin extension ai,4
1741068140811890688,"RT @marvellafizz: My Gobgirlz Crew #waifuwednesday post, Marvella Fizzledust as a Oni, enjoy! üåàüòàüíã

#ai #aiart #aigoblin #aigoblingirl #sexy‚Ä¶",2025-01-08T13:19:03.000Z,1876981945554321703,['1876981945554321703'],rt marvellafizz gobgirlz crew waifuwednesday post marvella fizzledust oni enjoy ai aiart aigoblin aigoblingirl,4
4654717877,"RT @iot_automotive: Spotlight News: Stay updated on the latest developments in AI, autonomous vehicles, connected cars, C-V2X, electric veh‚Ä¶",2025-01-08T13:19:03.000Z,1876981945197842723,['1876981945197842723'],rt spotlight news stay updated latest developments ai autonomous vehicles connected cars electric,4
1508172939425951746,"RT @AtuaAI: Grok API empowers Atua AI‚Äôs on-chain platform with real-time intelligence, driving advanced #AI solutions and boosting #Web3 en‚Ä¶",2025-01-08T13:19:02.000Z,1876981944229019749,['1876981944229019749'],rt atuaai grok api empowers atua ai platform intelligence driving advanced ai solutions boosting,0
1784076302925926400,"RT @AtuaAI: Grok API empowers Atua AI‚Äôs on-chain platform with real-time intelligence, driving advanced #AI solutions and boosting #Web3 en‚Ä¶",2025-01-08T13:19:02.000Z,1876981943830483318,['1876981943830483318'],rt atuaai grok api empowers atua ai platform intelligence driving advanced ai solutions boosting,0
2732360848,"RT @KernProtocol: Our documentation is live! üöÄ

Discover how Kern Protocol and Kover #AI are shaping the future of privacy on #Solana.

Fro‚Ä¶",2025-01-08T13:19:02.000Z,1876981943822135716,['1876981943822135716'],rt kernprotocol documentation live discover kern protocol kover ai shaping future privacy solana,4
1781437342193950720,"RT @AtuaAI: Grok API empowers Atua AI‚Äôs on-chain platform with real-time intelligence, driving advanced #AI solutions and boosting #Web3 en‚Ä¶",2025-01-08T13:19:02.000Z,1876981943637557599,['1876981943637557599'],rt atuaai grok api empowers atua ai platform intelligence driving advanced ai solutions boosting,0
18273836,Privelege to speak and thanks to @StandWCrypto_UK for organising this event in the House of @UKParliament. Let‚Äôs give the most audacious UK founders in #Web3 and #AI the support they deserve. That‚Äôs the mission at @fabric_vc and we believe it‚Äôs an essential one for the economic‚Ä¶ https://t.co/mzR2Vsiu8c https://t.co/KjSjwBUShX,2025-01-08T13:19:02.000Z,1876981943088169304,['1876981943088169304'],privelege speak thanks organising event house ukparliament let give audacious uk founders ai support deserve mission believe essential one https https,4
1596130019742466049,"RT @AtuaAI: Grok API empowers Atua AI‚Äôs on-chain platform with real-time intelligence, driving advanced #AI solutions and boosting #Web3 en‚Ä¶",2025-01-08T13:19:01.000Z,1876981938889601379,['1876981938889601379'],rt atuaai grok api empowers atua ai platform intelligence driving advanced ai solutions boosting,0
273832718,"RT @sunnynehrabro: AI used to crack a 19 year old case.

My opinions on how helpful #AI is for law agencies and other daily activities. 

P‚Ä¶",2025-01-08T13:19:01.000Z,1876981938805682671,['1876981938805682671'],rt sunnynehrabro ai used crack year old case opinions helpful ai law agencies daily activities,4
195992193,RT @agendasetting1: ü§ñüßë‚Äçüíªüò≥La Inteligencia Artificial puede replicar tu personalidad con 85 % de precisi√≥n. M√°s de mil personas ya tienen su‚Ä¶,2025-01-08T13:19:01.000Z,1876981938612740592,['1876981938612740592'],rt inteligencia artificial puede replicar tu personalidad con de precisi√≥n m√°s de mil personas ya tienen,4
1784132314563334144,"RT @AtuaAI: Grok API empowers Atua AI‚Äôs on-chain platform with real-time intelligence, driving advanced #AI solutions and boosting #Web3 en‚Ä¶",2025-01-08T13:19:01.000Z,1876981938382159887,['1876981938382159887'],rt atuaai grok api empowers atua ai platform intelligence driving advanced ai solutions boosting,0
1781967331024904192,"RT @AtuaAI: Grok API empowers Atua AI‚Äôs on-chain platform with real-time intelligence, driving advanced #AI solutions and boosting #Web3 en‚Ä¶",2025-01-08T13:19:01.000Z,1876981937891401944,['1876981937891401944'],rt atuaai grok api empowers atua ai platform intelligence driving advanced ai solutions boosting,0
1799530544939622400,"RT @AtuaAI: Grok API empowers Atua AI‚Äôs on-chain platform with real-time intelligence, driving advanced #AI solutions and boosting #Web3 en‚Ä¶",2025-01-08T13:19:01.000Z,1876981937530712467,['1876981937530712467'],rt atuaai grok api empowers atua ai platform intelligence driving advanced ai solutions boosting,0
1596073960894070784,"RT @AtuaAI: Grok API empowers Atua AI‚Äôs on-chain platform with real-time intelligence, driving advanced #AI solutions and boosting #Web3 en‚Ä¶",2025-01-08T13:19:01.000Z,1876981937048334804,['1876981937048334804'],rt atuaai grok api empowers atua ai platform intelligence driving advanced ai solutions boosting,0
1738970118938349569,"RT @AtuaAI: Grok API empowers Atua AI‚Äôs on-chain platform with real-time intelligence, driving advanced #AI solutions and boosting #Web3 en‚Ä¶",2025-01-08T13:19:00.000Z,1876981936515616945,['1876981936515616945'],rt atuaai grok api empowers atua ai platform intelligence driving advanced ai solutions boosting,0
1761902328335212544,"RT @AtuaAI: Grok API empowers Atua AI‚Äôs on-chain platform with real-time intelligence, driving advanced #AI solutions and boosting #Web3 en‚Ä¶",2025-01-08T13:19:00.000Z,1876981936045863103,['1876981936045863103'],rt atuaai grok api empowers atua ai platform intelligence driving advanced ai solutions boosting,0
1784123927230402560,"RT @AtuaAI: Grok API empowers Atua AI‚Äôs on-chain platform with real-time intelligence, driving advanced #AI solutions and boosting #Web3 en‚Ä¶",2025-01-08T13:19:00.000Z,1876981935978717644,['1876981935978717644'],rt atuaai grok api empowers atua ai platform intelligence driving advanced ai solutions boosting,0
1597624839593943040,"RT @AtuaAI: Grok API empowers Atua AI‚Äôs on-chain platform with real-time intelligence, driving advanced #AI solutions and boosting #Web3 en‚Ä¶",2025-01-08T13:19:00.000Z,1876981935857164717,['1876981935857164717'],rt atuaai grok api empowers atua ai platform intelligence driving advanced ai solutions boosting,0
1784145587304050688,"RT @AtuaAI: Grok API empowers Atua AI‚Äôs on-chain platform with real-time intelligence, driving advanced #AI solutions and boosting #Web3 en‚Ä¶",2025-01-08T13:19:00.000Z,1876981935735550081,['1876981935735550081'],rt atuaai grok api empowers atua ai platform intelligence driving advanced ai solutions boosting,0
1864636219428130816,"RT @AtuaAI: Grok API empowers Atua AI‚Äôs on-chain platform with real-time intelligence, driving advanced #AI solutions and boosting #Web3 en‚Ä¶",2025-01-08T13:19:00.000Z,1876981935735468135,['1876981935735468135'],rt atuaai grok api empowers atua ai platform intelligence driving advanced ai solutions boosting,0
1785427525898047489,"RT @AtuaAI: Grok API empowers Atua AI‚Äôs on-chain platform with real-time intelligence, driving advanced #AI solutions and boosting #Web3 en‚Ä¶",2025-01-08T13:19:00.000Z,1876981935605481615,['1876981935605481615'],rt atuaai grok api empowers atua ai platform intelligence driving advanced ai solutions boosting,0
1508303522189697027,"RT @AtuaAI: Grok API empowers Atua AI‚Äôs on-chain platform with real-time intelligence, driving advanced #AI solutions and boosting #Web3 en‚Ä¶",2025-01-08T13:19:00.000Z,1876981935278301424,['1876981935278301424'],rt atuaai grok api empowers atua ai platform intelligence driving advanced ai solutions boosting,0
1508373403690016772,"RT @AtuaAI: Grok API empowers Atua AI‚Äôs on-chain platform with real-time intelligence, driving advanced #AI solutions and boosting #Web3 en‚Ä¶",2025-01-08T13:19:00.000Z,1876981935014101082,['1876981935014101082'],rt atuaai grok api empowers atua ai platform intelligence driving advanced ai solutions boosting,0
1102481012481638400,"Looks like there's an app(@raycastapp) similar for Mac from what I am building...

#AI #Coding #Productivity",2025-01-08T13:19:00.000Z,1876981934267523126,['1876981934267523126'],looks like app raycastapp similar mac building ai coding productivity,4
1709321818551484416,64% of employees reported that they would delegate as much work as possible to AI technologies to be more productive. Read more about how AI is transforming employee productivity in the Microsoft Work Trend Index. #AI #artificialintelligence   https://t.co/dzwlfXSCOC,2025-01-08T13:19:00.000Z,1876981933995155604,['1876981933995155604'],employees reported would delegate much work possible ai technologies productive read ai transforming employee productivity microsoft work trend index ai artificialintelligence https,0
1085923554749833217,@itsFoxCrypto Watching $SGT grow at @suzu_suzuverse proves the future is bright for #AI-powered #NFTs.,2025-01-08T13:18:59.000Z,1876981932082217305,['1876981932082217305'],itsfoxcrypto watching sgt grow proves future bright nfts,0
1722930902878007296,"RT @AtuaAI: Grok API empowers Atua AI‚Äôs on-chain platform with real-time intelligence, driving advanced #AI solutions and boosting #Web3 en‚Ä¶",2025-01-08T13:18:59.000Z,1876981930261983489,['1876981930261983489'],rt atuaai grok api empowers atua ai platform intelligence driving advanced ai solutions boosting,0
1596933525155897344,"RT @AtuaAI: Grok API empowers Atua AI‚Äôs on-chain platform with real-time intelligence, driving advanced #AI solutions and boosting #Web3 en‚Ä¶",2025-01-08T13:18:59.000Z,1876981930085781965,['1876981930085781965'],rt atuaai grok api empowers atua ai platform intelligence driving advanced ai solutions boosting,0
1779661694593040385,"RT @AtuaAI: Grok API empowers Atua AI‚Äôs on-chain platform with real-time intelligence, driving advanced #AI solutions and boosting #Web3 en‚Ä¶",2025-01-08T13:18:59.000Z,1876981929804705967,['1876981929804705967'],rt atuaai grok api empowers atua ai platform intelligence driving advanced ai solutions boosting,0
1864649085476851715,"RT @AtuaAI: Grok API empowers Atua AI‚Äôs on-chain platform with real-time intelligence, driving advanced #AI solutions and boosting #Web3 en‚Ä¶",2025-01-08T13:18:59.000Z,1876981929746289054,['1876981929746289054'],rt atuaai grok api empowers atua ai platform intelligence driving advanced ai solutions boosting,0
1784162497366241280,"RT @AtuaAI: Grok API empowers Atua AI‚Äôs on-chain platform with real-time intelligence, driving advanced #AI solutions and boosting #Web3 en‚Ä¶",2025-01-08T13:18:59.000Z,1876981929364369771,['1876981929364369771'],rt atuaai grok api empowers atua ai platform intelligence driving advanced ai solutions boosting,0
1779750711703511040,"RT @AtuaAI: Grok API empowers Atua AI‚Äôs on-chain platform with real-time intelligence, driving advanced #AI solutions and boosting #Web3 en‚Ä¶",2025-01-08T13:18:59.000Z,1876981929125228884,['1876981929125228884'],rt atuaai grok api empowers atua ai platform intelligence driving advanced ai solutions boosting,0
1746916070185926656,"RT @AtuaAI: Grok API empowers Atua AI‚Äôs on-chain platform with real-time intelligence, driving advanced #AI solutions and boosting #Web3 en‚Ä¶",2025-01-08T13:18:59.000Z,1876981928525472057,['1876981928525472057'],rt atuaai grok api empowers atua ai platform intelligence driving advanced ai solutions boosting,0
1739156792045707264,"RT @AtuaAI: Grok API empowers Atua AI‚Äôs on-chain platform with real-time intelligence, driving advanced #AI solutions and boosting #Web3 en‚Ä¶",2025-01-08T13:18:59.000Z,1876981928403837376,['1876981928403837376'],rt atuaai grok api empowers atua ai platform intelligence driving advanced ai solutions boosting,0
1784129599414108161,"RT @AtuaAI: Grok API empowers Atua AI‚Äôs on-chain platform with real-time intelligence, driving advanced #AI solutions and boosting #Web3 en‚Ä¶",2025-01-08T13:18:59.000Z,1876981928378745279,['1876981928378745279'],rt atuaai grok api empowers atua ai platform intelligence driving advanced ai solutions boosting,0
1799488534954319872,"RT @AtuaAI: Grok API empowers Atua AI‚Äôs on-chain platform with real-time intelligence, driving advanced #AI solutions and boosting #Web3 en‚Ä¶",2025-01-08T13:18:58.000Z,1876981928177340483,['1876981928177340483'],rt atuaai grok api empowers atua ai platform intelligence driving advanced ai solutions boosting,0
1769420730981085184,"RT @AtuaAI: Grok API empowers Atua AI‚Äôs on-chain platform with real-time intelligence, driving advanced #AI solutions and boosting #Web3 en‚Ä¶",2025-01-08T13:18:58.000Z,1876981927946719700,['1876981927946719700'],rt atuaai grok api empowers atua ai platform intelligence driving advanced ai solutions boosting,0
1738975461454057472,"RT @AtuaAI: Grok API empowers Atua AI‚Äôs on-chain platform with real-time intelligence, driving advanced #AI solutions and boosting #Web3 en‚Ä¶",2025-01-08T13:18:58.000Z,1876981927741112653,['1876981927741112653'],rt atuaai grok api empowers atua ai platform intelligence driving advanced ai solutions boosting,0
1784281809959759872,"RT @AtuaAI: Grok API empowers Atua AI‚Äôs on-chain platform with real-time intelligence, driving advanced #AI solutions and boosting #Web3 en‚Ä¶",2025-01-08T13:18:58.000Z,1876981927678259471,['1876981927678259471'],rt atuaai grok api empowers atua ai platform intelligence driving advanced ai solutions boosting,0
1789896110854529024,"RT @AtuaAI: Grok API empowers Atua AI‚Äôs on-chain platform with real-time intelligence, driving advanced #AI solutions and boosting #Web3 en‚Ä¶",2025-01-08T13:18:58.000Z,1876981926713573816,['1876981926713573816'],rt atuaai grok api empowers atua ai platform intelligence driving advanced ai solutions boosting,0
375319207,"Witcher 4 using the RTX 5090 to be produced. Cool, but it greatly influences agreements with GPU brands, such as Nvidia. And it screws over those who live in less wealthy countries that have an infinitely weaker GPU. #AI #sony #playstation #switch #xbox #microsoft #marvel #steam https://t.co/CKc0FR7MfW",2025-01-08T13:18:58.000Z,1876981925694292077,['1876981925694292077'],witcher using rtx produced cool greatly influences agreements gpu brands nvidia screws live less wealthy countries infinitely weaker gpu ai sony playstation switch xbox microsoft marvel steam https,4
1763566319776231424,"RT @AtuaAI: Grok API empowers Atua AI‚Äôs on-chain platform with real-time intelligence, driving advanced #AI solutions and boosting #Web3 en‚Ä¶",2025-01-08T13:18:57.000Z,1876981923626524838,['1876981923626524838'],rt atuaai grok api empowers atua ai platform intelligence driving advanced ai solutions boosting,0
1276646456267603968,"We were right about #CapitaPlc #CPI We have nailed this stock in all directions over the past year or soüßêü§ñüëáhttps://t.co/EASDSzwUX9 Moral of the story. Take profits when you can, if there is a weakness in the fundamentals. üò¨#swazcharts #TriFusionAI #FTSE #TradingView #AI #AGI‚Ä¶ https://t.co/0eB8lqupYp https://t.co/xbf4heS4g2 https://t.co/K6fYON2i7K",2025-01-08T13:18:57.000Z,1876981923521658960,"['1876980364662522213', '1876981923521658960']",right capitaplc cpi nailed stock directions past year moral story take profits weakness fundamentals swazcharts trifusionai ftse tradingview ai https https https,0
